{
    "_ColorR": 1.0,
    "_ColorG": 1.0,
    "_ColorB": 1.0,
    "_RampLevels": 2.0,
    "_LightScalar": 1.0,
    "_HighColorR": 0.9411764740943909,
    "_HighColorG": 0.5411764979362488,
    "_HighColorB": 0.29411762952804568,
    "_HighIntensity": 1.5,
    "_LowColorR": 0.13333329558372498,
    "_LowColorG": 0.13333329558372498,
    "_LowColorB": 0.23137250542640687,
    "_LowIntensity": 1.0,
    "_OutlineColorR": 0.13333329558372498,
    "_OutlineColorG": 0.13333329558372498,
    "_OutlineColorB": 0.23137253522872926,
    "_OutlineSize": 3.0,
    "_RimColorR": 1.0,
    "_RimColorG": 1.0,
    "_RimColorB": 1.0,
    "_RimAlpha": 0.0,
    "_RimPower": 0.0,
    "_RimDropOff": 0.0,
    "_FresnelColorR": 0.5620689392089844,
    "_FresnelColorG": 0.5620689392089844,
    "_FresnelColorB": 0.5620689392089844,
    "_FresnelBrightness": 0.02800000086426735,
    "_FresnelPower": 0.8989999890327454,
    "_FresnelShadowDropoff": 0.0,
    "_GradYCap": 0.0,
    "_GradIntensity": 0.0
}